{"class_name": "Model", "config": {"name": "model_32", "layers": [{"name": "input_63", "class_name": "InputLayer", "config": {"batch_input_shape": [null, 10], "dtype": "float32", "sparse": false, "name": "input_63"}, "inbound_nodes": []}, {"name": "input_64", "class_name": "InputLayer", "config": {"batch_input_shape": [null, 10], "dtype": "float32", "sparse": false, "name": "input_64"}, "inbound_nodes": []}, {"name": "concatenate_32", "class_name": "Concatenate", "config": {"name": "concatenate_32", "trainable": true, "dtype": "float32", "axis": -1}, "inbound_nodes": [[["input_63", 0, 0, {}], ["input_64", 0, 0, {}]]]}, {"name": "dense_94", "class_name": "Dense", "config": {"name": "dense_94", "trainable": true, "dtype": "float32", "units": 200, "activation": "relu", "use_bias": true, "kernel_initializer": {"class_name": "VarianceScaling", "config": {"scale": 1.0, "mode": "fan_avg", "distribution": "uniform", "seed": null}}, "bias_initializer": {"class_name": "Zeros", "config": {}}, "kernel_regularizer": null, "bias_regularizer": null, "activity_regularizer": null, "kernel_constraint": null, "bias_constraint": null}, "inbound_nodes": [[["concatenate_32", 0, 0, {}]]]}, {"name": "dense_95", "class_name": "Dense", "config": {"name": "dense_95", "trainable": true, "dtype": "float32", "units": 100, "activation": "relu", "use_bias": true, "kernel_initializer": {"class_name": "VarianceScaling", "config": {"scale": 1.0, "mode": "fan_avg", "distribution": "uniform", "seed": null}}, "bias_initializer": {"class_name": "Zeros", "config": {}}, "kernel_regularizer": null, "bias_regularizer": null, "activity_regularizer": null, "kernel_constraint": null, "bias_constraint": null}, "inbound_nodes": [[["dense_94", 0, 0, {}]]]}, {"name": "dense_96", "class_name": "Dense", "config": {"name": "dense_96", "trainable": true, "dtype": "float32", "units": 1, "activation": "sigmoid", "use_bias": true, "kernel_initializer": {"class_name": "VarianceScaling", "config": {"scale": 1.0, "mode": "fan_avg", "distribution": "uniform", "seed": null}}, "bias_initializer": {"class_name": "Zeros", "config": {}}, "kernel_regularizer": null, "bias_regularizer": null, "activity_regularizer": null, "kernel_constraint": null, "bias_constraint": null}, "inbound_nodes": [[["dense_95", 0, 0, {}]]]}], "input_layers": [["input_63", 0, 0], ["input_64", 0, 0]], "output_layers": [["dense_96", 0, 0]]}, "keras_version": "2.3.1", "backend": "tensorflow"}