{"class_name": "Model", "config": {"name": "model_21", "layers": [{"name": "input_41", "class_name": "InputLayer", "config": {"batch_input_shape": [null, 6], "dtype": "float32", "sparse": false, "name": "input_41"}, "inbound_nodes": []}, {"name": "input_42", "class_name": "InputLayer", "config": {"batch_input_shape": [null, 6], "dtype": "float32", "sparse": false, "name": "input_42"}, "inbound_nodes": []}, {"name": "concatenate_21", "class_name": "Concatenate", "config": {"name": "concatenate_21", "trainable": true, "dtype": "float32", "axis": -1}, "inbound_nodes": [[["input_41", 0, 0, {}], ["input_42", 0, 0, {}]]]}, {"name": "dense_61", "class_name": "Dense", "config": {"name": "dense_61", "trainable": true, "dtype": "float32", "units": 200, "activation": "relu", "use_bias": true, "kernel_initializer": {"class_name": "VarianceScaling", "config": {"scale": 1.0, "mode": "fan_avg", "distribution": "uniform", "seed": null}}, "bias_initializer": {"class_name": "Zeros", "config": {}}, "kernel_regularizer": null, "bias_regularizer": null, "activity_regularizer": null, "kernel_constraint": null, "bias_constraint": null}, "inbound_nodes": [[["concatenate_21", 0, 0, {}]]]}, {"name": "dense_62", "class_name": "Dense", "config": {"name": "dense_62", "trainable": true, "dtype": "float32", "units": 100, "activation": "relu", "use_bias": true, "kernel_initializer": {"class_name": "VarianceScaling", "config": {"scale": 1.0, "mode": "fan_avg", "distribution": "uniform", "seed": null}}, "bias_initializer": {"class_name": "Zeros", "config": {}}, "kernel_regularizer": null, "bias_regularizer": null, "activity_regularizer": null, "kernel_constraint": null, "bias_constraint": null}, "inbound_nodes": [[["dense_61", 0, 0, {}]]]}, {"name": "dense_63", "class_name": "Dense", "config": {"name": "dense_63", "trainable": true, "dtype": "float32", "units": 1, "activation": "sigmoid", "use_bias": true, "kernel_initializer": {"class_name": "VarianceScaling", "config": {"scale": 1.0, "mode": "fan_avg", "distribution": "uniform", "seed": null}}, "bias_initializer": {"class_name": "Zeros", "config": {}}, "kernel_regularizer": null, "bias_regularizer": null, "activity_regularizer": null, "kernel_constraint": null, "bias_constraint": null}, "inbound_nodes": [[["dense_62", 0, 0, {}]]]}], "input_layers": [["input_41", 0, 0], ["input_42", 0, 0]], "output_layers": [["dense_63", 0, 0]]}, "keras_version": "2.3.1", "backend": "tensorflow"}