{"class_name": "Model", "config": {"name": "model_9", "layers": [{"name": "input_17", "class_name": "InputLayer", "config": {"batch_input_shape": [null, 100], "dtype": "float32", "sparse": false, "name": "input_17"}, "inbound_nodes": []}, {"name": "input_18", "class_name": "InputLayer", "config": {"batch_input_shape": [null, 100], "dtype": "float32", "sparse": false, "name": "input_18"}, "inbound_nodes": []}, {"name": "concatenate_9", "class_name": "Concatenate", "config": {"name": "concatenate_9", "trainable": true, "dtype": "float32", "axis": -1}, "inbound_nodes": [[["input_17", 0, 0, {}], ["input_18", 0, 0, {}]]]}, {"name": "dense_25", "class_name": "Dense", "config": {"name": "dense_25", "trainable": true, "dtype": "float32", "units": 200, "activation": "relu", "use_bias": true, "kernel_initializer": {"class_name": "VarianceScaling", "config": {"scale": 1.0, "mode": "fan_avg", "distribution": "uniform", "seed": null}}, "bias_initializer": {"class_name": "Zeros", "config": {}}, "kernel_regularizer": null, "bias_regularizer": null, "activity_regularizer": null, "kernel_constraint": null, "bias_constraint": null}, "inbound_nodes": [[["concatenate_9", 0, 0, {}]]]}, {"name": "dense_26", "class_name": "Dense", "config": {"name": "dense_26", "trainable": true, "dtype": "float32", "units": 100, "activation": "relu", "use_bias": true, "kernel_initializer": {"class_name": "VarianceScaling", "config": {"scale": 1.0, "mode": "fan_avg", "distribution": "uniform", "seed": null}}, "bias_initializer": {"class_name": "Zeros", "config": {}}, "kernel_regularizer": null, "bias_regularizer": null, "activity_regularizer": null, "kernel_constraint": null, "bias_constraint": null}, "inbound_nodes": [[["dense_25", 0, 0, {}]]]}, {"name": "dense_27", "class_name": "Dense", "config": {"name": "dense_27", "trainable": true, "dtype": "float32", "units": 1, "activation": "sigmoid", "use_bias": true, "kernel_initializer": {"class_name": "VarianceScaling", "config": {"scale": 1.0, "mode": "fan_avg", "distribution": "uniform", "seed": null}}, "bias_initializer": {"class_name": "Zeros", "config": {}}, "kernel_regularizer": null, "bias_regularizer": null, "activity_regularizer": null, "kernel_constraint": null, "bias_constraint": null}, "inbound_nodes": [[["dense_26", 0, 0, {}]]]}], "input_layers": [["input_17", 0, 0], ["input_18", 0, 0]], "output_layers": [["dense_27", 0, 0]]}, "keras_version": "2.3.1", "backend": "tensorflow"}