{"class_name": "Model", "config": {"name": "model_30", "layers": [{"name": "input_59", "class_name": "InputLayer", "config": {"batch_input_shape": [null, 6], "dtype": "float32", "sparse": false, "name": "input_59"}, "inbound_nodes": []}, {"name": "input_60", "class_name": "InputLayer", "config": {"batch_input_shape": [null, 6], "dtype": "float32", "sparse": false, "name": "input_60"}, "inbound_nodes": []}, {"name": "concatenate_30", "class_name": "Concatenate", "config": {"name": "concatenate_30", "trainable": true, "dtype": "float32", "axis": -1}, "inbound_nodes": [[["input_59", 0, 0, {}], ["input_60", 0, 0, {}]]]}, {"name": "dense_88", "class_name": "Dense", "config": {"name": "dense_88", "trainable": true, "dtype": "float32", "units": 200, "activation": "relu", "use_bias": true, "kernel_initializer": {"class_name": "VarianceScaling", "config": {"scale": 1.0, "mode": "fan_avg", "distribution": "uniform", "seed": null}}, "bias_initializer": {"class_name": "Zeros", "config": {}}, "kernel_regularizer": null, "bias_regularizer": null, "activity_regularizer": null, "kernel_constraint": null, "bias_constraint": null}, "inbound_nodes": [[["concatenate_30", 0, 0, {}]]]}, {"name": "dense_89", "class_name": "Dense", "config": {"name": "dense_89", "trainable": true, "dtype": "float32", "units": 100, "activation": "relu", "use_bias": true, "kernel_initializer": {"class_name": "VarianceScaling", "config": {"scale": 1.0, "mode": "fan_avg", "distribution": "uniform", "seed": null}}, "bias_initializer": {"class_name": "Zeros", "config": {}}, "kernel_regularizer": null, "bias_regularizer": null, "activity_regularizer": null, "kernel_constraint": null, "bias_constraint": null}, "inbound_nodes": [[["dense_88", 0, 0, {}]]]}, {"name": "dense_90", "class_name": "Dense", "config": {"name": "dense_90", "trainable": true, "dtype": "float32", "units": 1, "activation": "sigmoid", "use_bias": true, "kernel_initializer": {"class_name": "VarianceScaling", "config": {"scale": 1.0, "mode": "fan_avg", "distribution": "uniform", "seed": null}}, "bias_initializer": {"class_name": "Zeros", "config": {}}, "kernel_regularizer": null, "bias_regularizer": null, "activity_regularizer": null, "kernel_constraint": null, "bias_constraint": null}, "inbound_nodes": [[["dense_89", 0, 0, {}]]]}], "input_layers": [["input_59", 0, 0], ["input_60", 0, 0]], "output_layers": [["dense_90", 0, 0]]}, "keras_version": "2.3.1", "backend": "tensorflow"}