{"class_name": "Model", "config": {"name": "model_8", "layers": [{"name": "input_15", "class_name": "InputLayer", "config": {"batch_input_shape": [null, 64], "dtype": "float32", "sparse": false, "name": "input_15"}, "inbound_nodes": []}, {"name": "input_16", "class_name": "InputLayer", "config": {"batch_input_shape": [null, 64], "dtype": "float32", "sparse": false, "name": "input_16"}, "inbound_nodes": []}, {"name": "concatenate_8", "class_name": "Concatenate", "config": {"name": "concatenate_8", "trainable": true, "dtype": "float32", "axis": -1}, "inbound_nodes": [[["input_15", 0, 0, {}], ["input_16", 0, 0, {}]]]}, {"name": "dense_22", "class_name": "Dense", "config": {"name": "dense_22", "trainable": true, "dtype": "float32", "units": 200, "activation": "relu", "use_bias": true, "kernel_initializer": {"class_name": "VarianceScaling", "config": {"scale": 1.0, "mode": "fan_avg", "distribution": "uniform", "seed": null}}, "bias_initializer": {"class_name": "Zeros", "config": {}}, "kernel_regularizer": null, "bias_regularizer": null, "activity_regularizer": null, "kernel_constraint": null, "bias_constraint": null}, "inbound_nodes": [[["concatenate_8", 0, 0, {}]]]}, {"name": "dense_23", "class_name": "Dense", "config": {"name": "dense_23", "trainable": true, "dtype": "float32", "units": 100, "activation": "relu", "use_bias": true, "kernel_initializer": {"class_name": "VarianceScaling", "config": {"scale": 1.0, "mode": "fan_avg", "distribution": "uniform", "seed": null}}, "bias_initializer": {"class_name": "Zeros", "config": {}}, "kernel_regularizer": null, "bias_regularizer": null, "activity_regularizer": null, "kernel_constraint": null, "bias_constraint": null}, "inbound_nodes": [[["dense_22", 0, 0, {}]]]}, {"name": "dense_24", "class_name": "Dense", "config": {"name": "dense_24", "trainable": true, "dtype": "float32", "units": 1, "activation": "sigmoid", "use_bias": true, "kernel_initializer": {"class_name": "VarianceScaling", "config": {"scale": 1.0, "mode": "fan_avg", "distribution": "uniform", "seed": null}}, "bias_initializer": {"class_name": "Zeros", "config": {}}, "kernel_regularizer": null, "bias_regularizer": null, "activity_regularizer": null, "kernel_constraint": null, "bias_constraint": null}, "inbound_nodes": [[["dense_23", 0, 0, {}]]]}], "input_layers": [["input_15", 0, 0], ["input_16", 0, 0]], "output_layers": [["dense_24", 0, 0]]}, "keras_version": "2.3.1", "backend": "tensorflow"}