{"class_name": "Model", "config": {"name": "model_3", "layers": [{"name": "input_5", "class_name": "InputLayer", "config": {"batch_input_shape": [null, 6], "dtype": "float32", "sparse": false, "name": "input_5"}, "inbound_nodes": []}, {"name": "input_6", "class_name": "InputLayer", "config": {"batch_input_shape": [null, 6], "dtype": "float32", "sparse": false, "name": "input_6"}, "inbound_nodes": []}, {"name": "concatenate_3", "class_name": "Concatenate", "config": {"name": "concatenate_3", "trainable": true, "dtype": "float32", "axis": -1}, "inbound_nodes": [[["input_5", 0, 0, {}], ["input_6", 0, 0, {}]]]}, {"name": "dense_7", "class_name": "Dense", "config": {"name": "dense_7", "trainable": true, "dtype": "float32", "units": 200, "activation": "relu", "use_bias": true, "kernel_initializer": {"class_name": "VarianceScaling", "config": {"scale": 1.0, "mode": "fan_avg", "distribution": "uniform", "seed": null}}, "bias_initializer": {"class_name": "Zeros", "config": {}}, "kernel_regularizer": null, "bias_regularizer": null, "activity_regularizer": null, "kernel_constraint": null, "bias_constraint": null}, "inbound_nodes": [[["concatenate_3", 0, 0, {}]]]}, {"name": "dense_8", "class_name": "Dense", "config": {"name": "dense_8", "trainable": true, "dtype": "float32", "units": 100, "activation": "relu", "use_bias": true, "kernel_initializer": {"class_name": "VarianceScaling", "config": {"scale": 1.0, "mode": "fan_avg", "distribution": "uniform", "seed": null}}, "bias_initializer": {"class_name": "Zeros", "config": {}}, "kernel_regularizer": null, "bias_regularizer": null, "activity_regularizer": null, "kernel_constraint": null, "bias_constraint": null}, "inbound_nodes": [[["dense_7", 0, 0, {}]]]}, {"name": "dense_9", "class_name": "Dense", "config": {"name": "dense_9", "trainable": true, "dtype": "float32", "units": 1, "activation": "sigmoid", "use_bias": true, "kernel_initializer": {"class_name": "VarianceScaling", "config": {"scale": 1.0, "mode": "fan_avg", "distribution": "uniform", "seed": null}}, "bias_initializer": {"class_name": "Zeros", "config": {}}, "kernel_regularizer": null, "bias_regularizer": null, "activity_regularizer": null, "kernel_constraint": null, "bias_constraint": null}, "inbound_nodes": [[["dense_8", 0, 0, {}]]]}], "input_layers": [["input_5", 0, 0], ["input_6", 0, 0]], "output_layers": [["dense_9", 0, 0]]}, "keras_version": "2.3.1", "backend": "tensorflow"}