{"class_name": "Model", "config": {"name": "model_25", "layers": [{"name": "input_49", "class_name": "InputLayer", "config": {"batch_input_shape": [null, 36], "dtype": "float32", "sparse": false, "name": "input_49"}, "inbound_nodes": []}, {"name": "input_50", "class_name": "InputLayer", "config": {"batch_input_shape": [null, 36], "dtype": "float32", "sparse": false, "name": "input_50"}, "inbound_nodes": []}, {"name": "concatenate_25", "class_name": "Concatenate", "config": {"name": "concatenate_25", "trainable": true, "dtype": "float32", "axis": -1}, "inbound_nodes": [[["input_49", 0, 0, {}], ["input_50", 0, 0, {}]]]}, {"name": "dense_73", "class_name": "Dense", "config": {"name": "dense_73", "trainable": true, "dtype": "float32", "units": 200, "activation": "relu", "use_bias": true, "kernel_initializer": {"class_name": "VarianceScaling", "config": {"scale": 1.0, "mode": "fan_avg", "distribution": "uniform", "seed": null}}, "bias_initializer": {"class_name": "Zeros", "config": {}}, "kernel_regularizer": null, "bias_regularizer": null, "activity_regularizer": null, "kernel_constraint": null, "bias_constraint": null}, "inbound_nodes": [[["concatenate_25", 0, 0, {}]]]}, {"name": "dense_74", "class_name": "Dense", "config": {"name": "dense_74", "trainable": true, "dtype": "float32", "units": 100, "activation": "relu", "use_bias": true, "kernel_initializer": {"class_name": "VarianceScaling", "config": {"scale": 1.0, "mode": "fan_avg", "distribution": "uniform", "seed": null}}, "bias_initializer": {"class_name": "Zeros", "config": {}}, "kernel_regularizer": null, "bias_regularizer": null, "activity_regularizer": null, "kernel_constraint": null, "bias_constraint": null}, "inbound_nodes": [[["dense_73", 0, 0, {}]]]}, {"name": "dense_75", "class_name": "Dense", "config": {"name": "dense_75", "trainable": true, "dtype": "float32", "units": 1, "activation": "sigmoid", "use_bias": true, "kernel_initializer": {"class_name": "VarianceScaling", "config": {"scale": 1.0, "mode": "fan_avg", "distribution": "uniform", "seed": null}}, "bias_initializer": {"class_name": "Zeros", "config": {}}, "kernel_regularizer": null, "bias_regularizer": null, "activity_regularizer": null, "kernel_constraint": null, "bias_constraint": null}, "inbound_nodes": [[["dense_74", 0, 0, {}]]]}], "input_layers": [["input_49", 0, 0], ["input_50", 0, 0]], "output_layers": [["dense_75", 0, 0]]}, "keras_version": "2.3.1", "backend": "tensorflow"}