{"class_name": "Model", "config": {"name": "model_16", "layers": [{"name": "input_31", "class_name": "InputLayer", "config": {"batch_input_shape": [null, 36], "dtype": "float32", "sparse": false, "name": "input_31"}, "inbound_nodes": []}, {"name": "input_32", "class_name": "InputLayer", "config": {"batch_input_shape": [null, 36], "dtype": "float32", "sparse": false, "name": "input_32"}, "inbound_nodes": []}, {"name": "concatenate_16", "class_name": "Concatenate", "config": {"name": "concatenate_16", "trainable": true, "dtype": "float32", "axis": -1}, "inbound_nodes": [[["input_31", 0, 0, {}], ["input_32", 0, 0, {}]]]}, {"name": "dense_46", "class_name": "Dense", "config": {"name": "dense_46", "trainable": true, "dtype": "float32", "units": 200, "activation": "relu", "use_bias": true, "kernel_initializer": {"class_name": "VarianceScaling", "config": {"scale": 1.0, "mode": "fan_avg", "distribution": "uniform", "seed": null}}, "bias_initializer": {"class_name": "Zeros", "config": {}}, "kernel_regularizer": null, "bias_regularizer": null, "activity_regularizer": null, "kernel_constraint": null, "bias_constraint": null}, "inbound_nodes": [[["concatenate_16", 0, 0, {}]]]}, {"name": "dense_47", "class_name": "Dense", "config": {"name": "dense_47", "trainable": true, "dtype": "float32", "units": 100, "activation": "relu", "use_bias": true, "kernel_initializer": {"class_name": "VarianceScaling", "config": {"scale": 1.0, "mode": "fan_avg", "distribution": "uniform", "seed": null}}, "bias_initializer": {"class_name": "Zeros", "config": {}}, "kernel_regularizer": null, "bias_regularizer": null, "activity_regularizer": null, "kernel_constraint": null, "bias_constraint": null}, "inbound_nodes": [[["dense_46", 0, 0, {}]]]}, {"name": "dense_48", "class_name": "Dense", "config": {"name": "dense_48", "trainable": true, "dtype": "float32", "units": 1, "activation": "sigmoid", "use_bias": true, "kernel_initializer": {"class_name": "VarianceScaling", "config": {"scale": 1.0, "mode": "fan_avg", "distribution": "uniform", "seed": null}}, "bias_initializer": {"class_name": "Zeros", "config": {}}, "kernel_regularizer": null, "bias_regularizer": null, "activity_regularizer": null, "kernel_constraint": null, "bias_constraint": null}, "inbound_nodes": [[["dense_47", 0, 0, {}]]]}], "input_layers": [["input_31", 0, 0], ["input_32", 0, 0]], "output_layers": [["dense_48", 0, 0]]}, "keras_version": "2.3.1", "backend": "tensorflow"}