{"class_name": "Model", "config": {"name": "model_18", "layers": [{"name": "input_35", "class_name": "InputLayer", "config": {"batch_input_shape": [null, 100], "dtype": "float32", "sparse": false, "name": "input_35"}, "inbound_nodes": []}, {"name": "input_36", "class_name": "InputLayer", "config": {"batch_input_shape": [null, 100], "dtype": "float32", "sparse": false, "name": "input_36"}, "inbound_nodes": []}, {"name": "concatenate_18", "class_name": "Concatenate", "config": {"name": "concatenate_18", "trainable": true, "dtype": "float32", "axis": -1}, "inbound_nodes": [[["input_35", 0, 0, {}], ["input_36", 0, 0, {}]]]}, {"name": "dense_52", "class_name": "Dense", "config": {"name": "dense_52", "trainable": true, "dtype": "float32", "units": 200, "activation": "relu", "use_bias": true, "kernel_initializer": {"class_name": "VarianceScaling", "config": {"scale": 1.0, "mode": "fan_avg", "distribution": "uniform", "seed": null}}, "bias_initializer": {"class_name": "Zeros", "config": {}}, "kernel_regularizer": null, "bias_regularizer": null, "activity_regularizer": null, "kernel_constraint": null, "bias_constraint": null}, "inbound_nodes": [[["concatenate_18", 0, 0, {}]]]}, {"name": "dense_53", "class_name": "Dense", "config": {"name": "dense_53", "trainable": true, "dtype": "float32", "units": 100, "activation": "relu", "use_bias": true, "kernel_initializer": {"class_name": "VarianceScaling", "config": {"scale": 1.0, "mode": "fan_avg", "distribution": "uniform", "seed": null}}, "bias_initializer": {"class_name": "Zeros", "config": {}}, "kernel_regularizer": null, "bias_regularizer": null, "activity_regularizer": null, "kernel_constraint": null, "bias_constraint": null}, "inbound_nodes": [[["dense_52", 0, 0, {}]]]}, {"name": "dense_54", "class_name": "Dense", "config": {"name": "dense_54", "trainable": true, "dtype": "float32", "units": 1, "activation": "sigmoid", "use_bias": true, "kernel_initializer": {"class_name": "VarianceScaling", "config": {"scale": 1.0, "mode": "fan_avg", "distribution": "uniform", "seed": null}}, "bias_initializer": {"class_name": "Zeros", "config": {}}, "kernel_regularizer": null, "bias_regularizer": null, "activity_regularizer": null, "kernel_constraint": null, "bias_constraint": null}, "inbound_nodes": [[["dense_53", 0, 0, {}]]]}], "input_layers": [["input_35", 0, 0], ["input_36", 0, 0]], "output_layers": [["dense_54", 0, 0]]}, "keras_version": "2.3.1", "backend": "tensorflow"}