{"class_name": "Model", "config": {"name": "model_24", "layers": [{"name": "input_47", "class_name": "InputLayer", "config": {"batch_input_shape": [null, 16], "dtype": "float32", "sparse": false, "name": "input_47"}, "inbound_nodes": []}, {"name": "input_48", "class_name": "InputLayer", "config": {"batch_input_shape": [null, 16], "dtype": "float32", "sparse": false, "name": "input_48"}, "inbound_nodes": []}, {"name": "concatenate_24", "class_name": "Concatenate", "config": {"name": "concatenate_24", "trainable": true, "dtype": "float32", "axis": -1}, "inbound_nodes": [[["input_47", 0, 0, {}], ["input_48", 0, 0, {}]]]}, {"name": "dense_70", "class_name": "Dense", "config": {"name": "dense_70", "trainable": true, "dtype": "float32", "units": 200, "activation": "relu", "use_bias": true, "kernel_initializer": {"class_name": "VarianceScaling", "config": {"scale": 1.0, "mode": "fan_avg", "distribution": "uniform", "seed": null}}, "bias_initializer": {"class_name": "Zeros", "config": {}}, "kernel_regularizer": null, "bias_regularizer": null, "activity_regularizer": null, "kernel_constraint": null, "bias_constraint": null}, "inbound_nodes": [[["concatenate_24", 0, 0, {}]]]}, {"name": "dense_71", "class_name": "Dense", "config": {"name": "dense_71", "trainable": true, "dtype": "float32", "units": 100, "activation": "relu", "use_bias": true, "kernel_initializer": {"class_name": "VarianceScaling", "config": {"scale": 1.0, "mode": "fan_avg", "distribution": "uniform", "seed": null}}, "bias_initializer": {"class_name": "Zeros", "config": {}}, "kernel_regularizer": null, "bias_regularizer": null, "activity_regularizer": null, "kernel_constraint": null, "bias_constraint": null}, "inbound_nodes": [[["dense_70", 0, 0, {}]]]}, {"name": "dense_72", "class_name": "Dense", "config": {"name": "dense_72", "trainable": true, "dtype": "float32", "units": 1, "activation": "sigmoid", "use_bias": true, "kernel_initializer": {"class_name": "VarianceScaling", "config": {"scale": 1.0, "mode": "fan_avg", "distribution": "uniform", "seed": null}}, "bias_initializer": {"class_name": "Zeros", "config": {}}, "kernel_regularizer": null, "bias_regularizer": null, "activity_regularizer": null, "kernel_constraint": null, "bias_constraint": null}, "inbound_nodes": [[["dense_71", 0, 0, {}]]]}], "input_layers": [["input_47", 0, 0], ["input_48", 0, 0]], "output_layers": [["dense_72", 0, 0]]}, "keras_version": "2.3.1", "backend": "tensorflow"}