{"class_name": "Model", "config": {"name": "model_20", "layers": [{"name": "input_39", "class_name": "InputLayer", "config": {"batch_input_shape": [null, 4], "dtype": "float32", "sparse": false, "name": "input_39"}, "inbound_nodes": []}, {"name": "input_40", "class_name": "InputLayer", "config": {"batch_input_shape": [null, 4], "dtype": "float32", "sparse": false, "name": "input_40"}, "inbound_nodes": []}, {"name": "concatenate_20", "class_name": "Concatenate", "config": {"name": "concatenate_20", "trainable": true, "dtype": "float32", "axis": -1}, "inbound_nodes": [[["input_39", 0, 0, {}], ["input_40", 0, 0, {}]]]}, {"name": "dense_58", "class_name": "Dense", "config": {"name": "dense_58", "trainable": true, "dtype": "float32", "units": 200, "activation": "relu", "use_bias": true, "kernel_initializer": {"class_name": "VarianceScaling", "config": {"scale": 1.0, "mode": "fan_avg", "distribution": "uniform", "seed": null}}, "bias_initializer": {"class_name": "Zeros", "config": {}}, "kernel_regularizer": null, "bias_regularizer": null, "activity_regularizer": null, "kernel_constraint": null, "bias_constraint": null}, "inbound_nodes": [[["concatenate_20", 0, 0, {}]]]}, {"name": "dense_59", "class_name": "Dense", "config": {"name": "dense_59", "trainable": true, "dtype": "float32", "units": 100, "activation": "relu", "use_bias": true, "kernel_initializer": {"class_name": "VarianceScaling", "config": {"scale": 1.0, "mode": "fan_avg", "distribution": "uniform", "seed": null}}, "bias_initializer": {"class_name": "Zeros", "config": {}}, "kernel_regularizer": null, "bias_regularizer": null, "activity_regularizer": null, "kernel_constraint": null, "bias_constraint": null}, "inbound_nodes": [[["dense_58", 0, 0, {}]]]}, {"name": "dense_60", "class_name": "Dense", "config": {"name": "dense_60", "trainable": true, "dtype": "float32", "units": 1, "activation": "sigmoid", "use_bias": true, "kernel_initializer": {"class_name": "VarianceScaling", "config": {"scale": 1.0, "mode": "fan_avg", "distribution": "uniform", "seed": null}}, "bias_initializer": {"class_name": "Zeros", "config": {}}, "kernel_regularizer": null, "bias_regularizer": null, "activity_regularizer": null, "kernel_constraint": null, "bias_constraint": null}, "inbound_nodes": [[["dense_59", 0, 0, {}]]]}], "input_layers": [["input_39", 0, 0], ["input_40", 0, 0]], "output_layers": [["dense_60", 0, 0]]}, "keras_version": "2.3.1", "backend": "tensorflow"}