{"class_name": "Model", "config": {"name": "model_7", "layers": [{"name": "input_13", "class_name": "InputLayer", "config": {"batch_input_shape": [null, 36], "dtype": "float32", "sparse": false, "name": "input_13"}, "inbound_nodes": []}, {"name": "input_14", "class_name": "InputLayer", "config": {"batch_input_shape": [null, 36], "dtype": "float32", "sparse": false, "name": "input_14"}, "inbound_nodes": []}, {"name": "concatenate_7", "class_name": "Concatenate", "config": {"name": "concatenate_7", "trainable": true, "dtype": "float32", "axis": -1}, "inbound_nodes": [[["input_13", 0, 0, {}], ["input_14", 0, 0, {}]]]}, {"name": "dense_19", "class_name": "Dense", "config": {"name": "dense_19", "trainable": true, "dtype": "float32", "units": 200, "activation": "relu", "use_bias": true, "kernel_initializer": {"class_name": "VarianceScaling", "config": {"scale": 1.0, "mode": "fan_avg", "distribution": "uniform", "seed": null}}, "bias_initializer": {"class_name": "Zeros", "config": {}}, "kernel_regularizer": null, "bias_regularizer": null, "activity_regularizer": null, "kernel_constraint": null, "bias_constraint": null}, "inbound_nodes": [[["concatenate_7", 0, 0, {}]]]}, {"name": "dense_20", "class_name": "Dense", "config": {"name": "dense_20", "trainable": true, "dtype": "float32", "units": 100, "activation": "relu", "use_bias": true, "kernel_initializer": {"class_name": "VarianceScaling", "config": {"scale": 1.0, "mode": "fan_avg", "distribution": "uniform", "seed": null}}, "bias_initializer": {"class_name": "Zeros", "config": {}}, "kernel_regularizer": null, "bias_regularizer": null, "activity_regularizer": null, "kernel_constraint": null, "bias_constraint": null}, "inbound_nodes": [[["dense_19", 0, 0, {}]]]}, {"name": "dense_21", "class_name": "Dense", "config": {"name": "dense_21", "trainable": true, "dtype": "float32", "units": 1, "activation": "sigmoid", "use_bias": true, "kernel_initializer": {"class_name": "VarianceScaling", "config": {"scale": 1.0, "mode": "fan_avg", "distribution": "uniform", "seed": null}}, "bias_initializer": {"class_name": "Zeros", "config": {}}, "kernel_regularizer": null, "bias_regularizer": null, "activity_regularizer": null, "kernel_constraint": null, "bias_constraint": null}, "inbound_nodes": [[["dense_20", 0, 0, {}]]]}], "input_layers": [["input_13", 0, 0], ["input_14", 0, 0]], "output_layers": [["dense_21", 0, 0]]}, "keras_version": "2.3.1", "backend": "tensorflow"}