{"class_name": "Model", "config": {"name": "model_15", "layers": [{"name": "input_29", "class_name": "InputLayer", "config": {"batch_input_shape": [null, 16], "dtype": "float32", "sparse": false, "name": "input_29"}, "inbound_nodes": []}, {"name": "input_30", "class_name": "InputLayer", "config": {"batch_input_shape": [null, 16], "dtype": "float32", "sparse": false, "name": "input_30"}, "inbound_nodes": []}, {"name": "concatenate_15", "class_name": "Concatenate", "config": {"name": "concatenate_15", "trainable": true, "dtype": "float32", "axis": -1}, "inbound_nodes": [[["input_29", 0, 0, {}], ["input_30", 0, 0, {}]]]}, {"name": "dense_43", "class_name": "Dense", "config": {"name": "dense_43", "trainable": true, "dtype": "float32", "units": 200, "activation": "relu", "use_bias": true, "kernel_initializer": {"class_name": "VarianceScaling", "config": {"scale": 1.0, "mode": "fan_avg", "distribution": "uniform", "seed": null}}, "bias_initializer": {"class_name": "Zeros", "config": {}}, "kernel_regularizer": null, "bias_regularizer": null, "activity_regularizer": null, "kernel_constraint": null, "bias_constraint": null}, "inbound_nodes": [[["concatenate_15", 0, 0, {}]]]}, {"name": "dense_44", "class_name": "Dense", "config": {"name": "dense_44", "trainable": true, "dtype": "float32", "units": 100, "activation": "relu", "use_bias": true, "kernel_initializer": {"class_name": "VarianceScaling", "config": {"scale": 1.0, "mode": "fan_avg", "distribution": "uniform", "seed": null}}, "bias_initializer": {"class_name": "Zeros", "config": {}}, "kernel_regularizer": null, "bias_regularizer": null, "activity_regularizer": null, "kernel_constraint": null, "bias_constraint": null}, "inbound_nodes": [[["dense_43", 0, 0, {}]]]}, {"name": "dense_45", "class_name": "Dense", "config": {"name": "dense_45", "trainable": true, "dtype": "float32", "units": 1, "activation": "sigmoid", "use_bias": true, "kernel_initializer": {"class_name": "VarianceScaling", "config": {"scale": 1.0, "mode": "fan_avg", "distribution": "uniform", "seed": null}}, "bias_initializer": {"class_name": "Zeros", "config": {}}, "kernel_regularizer": null, "bias_regularizer": null, "activity_regularizer": null, "kernel_constraint": null, "bias_constraint": null}, "inbound_nodes": [[["dense_44", 0, 0, {}]]]}], "input_layers": [["input_29", 0, 0], ["input_30", 0, 0]], "output_layers": [["dense_45", 0, 0]]}, "keras_version": "2.3.1", "backend": "tensorflow"}