{"class_name": "Model", "config": {"name": "model_4", "layers": [{"name": "input_7", "class_name": "InputLayer", "config": {"batch_input_shape": [null, 8], "dtype": "float32", "sparse": false, "name": "input_7"}, "inbound_nodes": []}, {"name": "input_8", "class_name": "InputLayer", "config": {"batch_input_shape": [null, 8], "dtype": "float32", "sparse": false, "name": "input_8"}, "inbound_nodes": []}, {"name": "concatenate_4", "class_name": "Concatenate", "config": {"name": "concatenate_4", "trainable": true, "dtype": "float32", "axis": -1}, "inbound_nodes": [[["input_7", 0, 0, {}], ["input_8", 0, 0, {}]]]}, {"name": "dense_10", "class_name": "Dense", "config": {"name": "dense_10", "trainable": true, "dtype": "float32", "units": 200, "activation": "relu", "use_bias": true, "kernel_initializer": {"class_name": "VarianceScaling", "config": {"scale": 1.0, "mode": "fan_avg", "distribution": "uniform", "seed": null}}, "bias_initializer": {"class_name": "Zeros", "config": {}}, "kernel_regularizer": null, "bias_regularizer": null, "activity_regularizer": null, "kernel_constraint": null, "bias_constraint": null}, "inbound_nodes": [[["concatenate_4", 0, 0, {}]]]}, {"name": "dense_11", "class_name": "Dense", "config": {"name": "dense_11", "trainable": true, "dtype": "float32", "units": 100, "activation": "relu", "use_bias": true, "kernel_initializer": {"class_name": "VarianceScaling", "config": {"scale": 1.0, "mode": "fan_avg", "distribution": "uniform", "seed": null}}, "bias_initializer": {"class_name": "Zeros", "config": {}}, "kernel_regularizer": null, "bias_regularizer": null, "activity_regularizer": null, "kernel_constraint": null, "bias_constraint": null}, "inbound_nodes": [[["dense_10", 0, 0, {}]]]}, {"name": "dense_12", "class_name": "Dense", "config": {"name": "dense_12", "trainable": true, "dtype": "float32", "units": 1, "activation": "sigmoid", "use_bias": true, "kernel_initializer": {"class_name": "VarianceScaling", "config": {"scale": 1.0, "mode": "fan_avg", "distribution": "uniform", "seed": null}}, "bias_initializer": {"class_name": "Zeros", "config": {}}, "kernel_regularizer": null, "bias_regularizer": null, "activity_regularizer": null, "kernel_constraint": null, "bias_constraint": null}, "inbound_nodes": [[["dense_11", 0, 0, {}]]]}], "input_layers": [["input_7", 0, 0], ["input_8", 0, 0]], "output_layers": [["dense_12", 0, 0]]}, "keras_version": "2.3.1", "backend": "tensorflow"}