{"class_name": "Model", "config": {"name": "model_12", "layers": [{"name": "input_23", "class_name": "InputLayer", "config": {"batch_input_shape": [null, 6], "dtype": "float32", "sparse": false, "name": "input_23"}, "inbound_nodes": []}, {"name": "input_24", "class_name": "InputLayer", "config": {"batch_input_shape": [null, 6], "dtype": "float32", "sparse": false, "name": "input_24"}, "inbound_nodes": []}, {"name": "concatenate_12", "class_name": "Concatenate", "config": {"name": "concatenate_12", "trainable": true, "dtype": "float32", "axis": -1}, "inbound_nodes": [[["input_23", 0, 0, {}], ["input_24", 0, 0, {}]]]}, {"name": "dense_34", "class_name": "Dense", "config": {"name": "dense_34", "trainable": true, "dtype": "float32", "units": 200, "activation": "relu", "use_bias": true, "kernel_initializer": {"class_name": "VarianceScaling", "config": {"scale": 1.0, "mode": "fan_avg", "distribution": "uniform", "seed": null}}, "bias_initializer": {"class_name": "Zeros", "config": {}}, "kernel_regularizer": null, "bias_regularizer": null, "activity_regularizer": null, "kernel_constraint": null, "bias_constraint": null}, "inbound_nodes": [[["concatenate_12", 0, 0, {}]]]}, {"name": "dense_35", "class_name": "Dense", "config": {"name": "dense_35", "trainable": true, "dtype": "float32", "units": 100, "activation": "relu", "use_bias": true, "kernel_initializer": {"class_name": "VarianceScaling", "config": {"scale": 1.0, "mode": "fan_avg", "distribution": "uniform", "seed": null}}, "bias_initializer": {"class_name": "Zeros", "config": {}}, "kernel_regularizer": null, "bias_regularizer": null, "activity_regularizer": null, "kernel_constraint": null, "bias_constraint": null}, "inbound_nodes": [[["dense_34", 0, 0, {}]]]}, {"name": "dense_36", "class_name": "Dense", "config": {"name": "dense_36", "trainable": true, "dtype": "float32", "units": 1, "activation": "sigmoid", "use_bias": true, "kernel_initializer": {"class_name": "VarianceScaling", "config": {"scale": 1.0, "mode": "fan_avg", "distribution": "uniform", "seed": null}}, "bias_initializer": {"class_name": "Zeros", "config": {}}, "kernel_regularizer": null, "bias_regularizer": null, "activity_regularizer": null, "kernel_constraint": null, "bias_constraint": null}, "inbound_nodes": [[["dense_35", 0, 0, {}]]]}], "input_layers": [["input_23", 0, 0], ["input_24", 0, 0]], "output_layers": [["dense_36", 0, 0]]}, "keras_version": "2.3.1", "backend": "tensorflow"}