{"class_name": "Model", "config": {"name": "model_28", "layers": [{"name": "input_55", "class_name": "InputLayer", "config": {"batch_input_shape": [null, 2], "dtype": "float32", "sparse": false, "name": "input_55"}, "inbound_nodes": []}, {"name": "input_56", "class_name": "InputLayer", "config": {"batch_input_shape": [null, 2], "dtype": "float32", "sparse": false, "name": "input_56"}, "inbound_nodes": []}, {"name": "concatenate_28", "class_name": "Concatenate", "config": {"name": "concatenate_28", "trainable": true, "dtype": "float32", "axis": -1}, "inbound_nodes": [[["input_55", 0, 0, {}], ["input_56", 0, 0, {}]]]}, {"name": "dense_82", "class_name": "Dense", "config": {"name": "dense_82", "trainable": true, "dtype": "float32", "units": 200, "activation": "relu", "use_bias": true, "kernel_initializer": {"class_name": "VarianceScaling", "config": {"scale": 1.0, "mode": "fan_avg", "distribution": "uniform", "seed": null}}, "bias_initializer": {"class_name": "Zeros", "config": {}}, "kernel_regularizer": null, "bias_regularizer": null, "activity_regularizer": null, "kernel_constraint": null, "bias_constraint": null}, "inbound_nodes": [[["concatenate_28", 0, 0, {}]]]}, {"name": "dense_83", "class_name": "Dense", "config": {"name": "dense_83", "trainable": true, "dtype": "float32", "units": 100, "activation": "relu", "use_bias": true, "kernel_initializer": {"class_name": "VarianceScaling", "config": {"scale": 1.0, "mode": "fan_avg", "distribution": "uniform", "seed": null}}, "bias_initializer": {"class_name": "Zeros", "config": {}}, "kernel_regularizer": null, "bias_regularizer": null, "activity_regularizer": null, "kernel_constraint": null, "bias_constraint": null}, "inbound_nodes": [[["dense_82", 0, 0, {}]]]}, {"name": "dense_84", "class_name": "Dense", "config": {"name": "dense_84", "trainable": true, "dtype": "float32", "units": 1, "activation": "sigmoid", "use_bias": true, "kernel_initializer": {"class_name": "VarianceScaling", "config": {"scale": 1.0, "mode": "fan_avg", "distribution": "uniform", "seed": null}}, "bias_initializer": {"class_name": "Zeros", "config": {}}, "kernel_regularizer": null, "bias_regularizer": null, "activity_regularizer": null, "kernel_constraint": null, "bias_constraint": null}, "inbound_nodes": [[["dense_83", 0, 0, {}]]]}], "input_layers": [["input_55", 0, 0], ["input_56", 0, 0]], "output_layers": [["dense_84", 0, 0]]}, "keras_version": "2.3.1", "backend": "tensorflow"}