{"class_name": "Model", "config": {"name": "model_11", "layers": [{"name": "input_21", "class_name": "InputLayer", "config": {"batch_input_shape": [null, 4], "dtype": "float32", "sparse": false, "name": "input_21"}, "inbound_nodes": []}, {"name": "input_22", "class_name": "InputLayer", "config": {"batch_input_shape": [null, 4], "dtype": "float32", "sparse": false, "name": "input_22"}, "inbound_nodes": []}, {"name": "concatenate_11", "class_name": "Concatenate", "config": {"name": "concatenate_11", "trainable": true, "dtype": "float32", "axis": -1}, "inbound_nodes": [[["input_21", 0, 0, {}], ["input_22", 0, 0, {}]]]}, {"name": "dense_31", "class_name": "Dense", "config": {"name": "dense_31", "trainable": true, "dtype": "float32", "units": 200, "activation": "relu", "use_bias": true, "kernel_initializer": {"class_name": "VarianceScaling", "config": {"scale": 1.0, "mode": "fan_avg", "distribution": "uniform", "seed": null}}, "bias_initializer": {"class_name": "Zeros", "config": {}}, "kernel_regularizer": null, "bias_regularizer": null, "activity_regularizer": null, "kernel_constraint": null, "bias_constraint": null}, "inbound_nodes": [[["concatenate_11", 0, 0, {}]]]}, {"name": "dense_32", "class_name": "Dense", "config": {"name": "dense_32", "trainable": true, "dtype": "float32", "units": 100, "activation": "relu", "use_bias": true, "kernel_initializer": {"class_name": "VarianceScaling", "config": {"scale": 1.0, "mode": "fan_avg", "distribution": "uniform", "seed": null}}, "bias_initializer": {"class_name": "Zeros", "config": {}}, "kernel_regularizer": null, "bias_regularizer": null, "activity_regularizer": null, "kernel_constraint": null, "bias_constraint": null}, "inbound_nodes": [[["dense_31", 0, 0, {}]]]}, {"name": "dense_33", "class_name": "Dense", "config": {"name": "dense_33", "trainable": true, "dtype": "float32", "units": 1, "activation": "sigmoid", "use_bias": true, "kernel_initializer": {"class_name": "VarianceScaling", "config": {"scale": 1.0, "mode": "fan_avg", "distribution": "uniform", "seed": null}}, "bias_initializer": {"class_name": "Zeros", "config": {}}, "kernel_regularizer": null, "bias_regularizer": null, "activity_regularizer": null, "kernel_constraint": null, "bias_constraint": null}, "inbound_nodes": [[["dense_32", 0, 0, {}]]]}], "input_layers": [["input_21", 0, 0], ["input_22", 0, 0]], "output_layers": [["dense_33", 0, 0]]}, "keras_version": "2.3.1", "backend": "tensorflow"}