{"class_name": "Model", "config": {"name": "model_22", "layers": [{"name": "input_43", "class_name": "InputLayer", "config": {"batch_input_shape": [null, 8], "dtype": "float32", "sparse": false, "name": "input_43"}, "inbound_nodes": []}, {"name": "input_44", "class_name": "InputLayer", "config": {"batch_input_shape": [null, 8], "dtype": "float32", "sparse": false, "name": "input_44"}, "inbound_nodes": []}, {"name": "concatenate_22", "class_name": "Concatenate", "config": {"name": "concatenate_22", "trainable": true, "dtype": "float32", "axis": -1}, "inbound_nodes": [[["input_43", 0, 0, {}], ["input_44", 0, 0, {}]]]}, {"name": "dense_64", "class_name": "Dense", "config": {"name": "dense_64", "trainable": true, "dtype": "float32", "units": 200, "activation": "relu", "use_bias": true, "kernel_initializer": {"class_name": "VarianceScaling", "config": {"scale": 1.0, "mode": "fan_avg", "distribution": "uniform", "seed": null}}, "bias_initializer": {"class_name": "Zeros", "config": {}}, "kernel_regularizer": null, "bias_regularizer": null, "activity_regularizer": null, "kernel_constraint": null, "bias_constraint": null}, "inbound_nodes": [[["concatenate_22", 0, 0, {}]]]}, {"name": "dense_65", "class_name": "Dense", "config": {"name": "dense_65", "trainable": true, "dtype": "float32", "units": 100, "activation": "relu", "use_bias": true, "kernel_initializer": {"class_name": "VarianceScaling", "config": {"scale": 1.0, "mode": "fan_avg", "distribution": "uniform", "seed": null}}, "bias_initializer": {"class_name": "Zeros", "config": {}}, "kernel_regularizer": null, "bias_regularizer": null, "activity_regularizer": null, "kernel_constraint": null, "bias_constraint": null}, "inbound_nodes": [[["dense_64", 0, 0, {}]]]}, {"name": "dense_66", "class_name": "Dense", "config": {"name": "dense_66", "trainable": true, "dtype": "float32", "units": 1, "activation": "sigmoid", "use_bias": true, "kernel_initializer": {"class_name": "VarianceScaling", "config": {"scale": 1.0, "mode": "fan_avg", "distribution": "uniform", "seed": null}}, "bias_initializer": {"class_name": "Zeros", "config": {}}, "kernel_regularizer": null, "bias_regularizer": null, "activity_regularizer": null, "kernel_constraint": null, "bias_constraint": null}, "inbound_nodes": [[["dense_65", 0, 0, {}]]]}], "input_layers": [["input_43", 0, 0], ["input_44", 0, 0]], "output_layers": [["dense_66", 0, 0]]}, "keras_version": "2.3.1", "backend": "tensorflow"}