{"class_name": "Model", "config": {"name": "model_26", "layers": [{"name": "input_51", "class_name": "InputLayer", "config": {"batch_input_shape": [null, 64], "dtype": "float32", "sparse": false, "name": "input_51"}, "inbound_nodes": []}, {"name": "input_52", "class_name": "InputLayer", "config": {"batch_input_shape": [null, 64], "dtype": "float32", "sparse": false, "name": "input_52"}, "inbound_nodes": []}, {"name": "concatenate_26", "class_name": "Concatenate", "config": {"name": "concatenate_26", "trainable": true, "dtype": "float32", "axis": -1}, "inbound_nodes": [[["input_51", 0, 0, {}], ["input_52", 0, 0, {}]]]}, {"name": "dense_76", "class_name": "Dense", "config": {"name": "dense_76", "trainable": true, "dtype": "float32", "units": 200, "activation": "relu", "use_bias": true, "kernel_initializer": {"class_name": "VarianceScaling", "config": {"scale": 1.0, "mode": "fan_avg", "distribution": "uniform", "seed": null}}, "bias_initializer": {"class_name": "Zeros", "config": {}}, "kernel_regularizer": null, "bias_regularizer": null, "activity_regularizer": null, "kernel_constraint": null, "bias_constraint": null}, "inbound_nodes": [[["concatenate_26", 0, 0, {}]]]}, {"name": "dense_77", "class_name": "Dense", "config": {"name": "dense_77", "trainable": true, "dtype": "float32", "units": 100, "activation": "relu", "use_bias": true, "kernel_initializer": {"class_name": "VarianceScaling", "config": {"scale": 1.0, "mode": "fan_avg", "distribution": "uniform", "seed": null}}, "bias_initializer": {"class_name": "Zeros", "config": {}}, "kernel_regularizer": null, "bias_regularizer": null, "activity_regularizer": null, "kernel_constraint": null, "bias_constraint": null}, "inbound_nodes": [[["dense_76", 0, 0, {}]]]}, {"name": "dense_78", "class_name": "Dense", "config": {"name": "dense_78", "trainable": true, "dtype": "float32", "units": 1, "activation": "sigmoid", "use_bias": true, "kernel_initializer": {"class_name": "VarianceScaling", "config": {"scale": 1.0, "mode": "fan_avg", "distribution": "uniform", "seed": null}}, "bias_initializer": {"class_name": "Zeros", "config": {}}, "kernel_regularizer": null, "bias_regularizer": null, "activity_regularizer": null, "kernel_constraint": null, "bias_constraint": null}, "inbound_nodes": [[["dense_77", 0, 0, {}]]]}], "input_layers": [["input_51", 0, 0], ["input_52", 0, 0]], "output_layers": [["dense_78", 0, 0]]}, "keras_version": "2.3.1", "backend": "tensorflow"}