{"class_name": "Model", "config": {"name": "model_5", "layers": [{"name": "input_9", "class_name": "InputLayer", "config": {"batch_input_shape": [null, 10], "dtype": "float32", "sparse": false, "name": "input_9"}, "inbound_nodes": []}, {"name": "input_10", "class_name": "InputLayer", "config": {"batch_input_shape": [null, 10], "dtype": "float32", "sparse": false, "name": "input_10"}, "inbound_nodes": []}, {"name": "concatenate_5", "class_name": "Concatenate", "config": {"name": "concatenate_5", "trainable": true, "dtype": "float32", "axis": -1}, "inbound_nodes": [[["input_9", 0, 0, {}], ["input_10", 0, 0, {}]]]}, {"name": "dense_13", "class_name": "Dense", "config": {"name": "dense_13", "trainable": true, "dtype": "float32", "units": 200, "activation": "relu", "use_bias": true, "kernel_initializer": {"class_name": "VarianceScaling", "config": {"scale": 1.0, "mode": "fan_avg", "distribution": "uniform", "seed": null}}, "bias_initializer": {"class_name": "Zeros", "config": {}}, "kernel_regularizer": null, "bias_regularizer": null, "activity_regularizer": null, "kernel_constraint": null, "bias_constraint": null}, "inbound_nodes": [[["concatenate_5", 0, 0, {}]]]}, {"name": "dense_14", "class_name": "Dense", "config": {"name": "dense_14", "trainable": true, "dtype": "float32", "units": 100, "activation": "relu", "use_bias": true, "kernel_initializer": {"class_name": "VarianceScaling", "config": {"scale": 1.0, "mode": "fan_avg", "distribution": "uniform", "seed": null}}, "bias_initializer": {"class_name": "Zeros", "config": {}}, "kernel_regularizer": null, "bias_regularizer": null, "activity_regularizer": null, "kernel_constraint": null, "bias_constraint": null}, "inbound_nodes": [[["dense_13", 0, 0, {}]]]}, {"name": "dense_15", "class_name": "Dense", "config": {"name": "dense_15", "trainable": true, "dtype": "float32", "units": 1, "activation": "sigmoid", "use_bias": true, "kernel_initializer": {"class_name": "VarianceScaling", "config": {"scale": 1.0, "mode": "fan_avg", "distribution": "uniform", "seed": null}}, "bias_initializer": {"class_name": "Zeros", "config": {}}, "kernel_regularizer": null, "bias_regularizer": null, "activity_regularizer": null, "kernel_constraint": null, "bias_constraint": null}, "inbound_nodes": [[["dense_14", 0, 0, {}]]]}], "input_layers": [["input_9", 0, 0], ["input_10", 0, 0]], "output_layers": [["dense_15", 0, 0]]}, "keras_version": "2.3.1", "backend": "tensorflow"}