{"class_name": "Model", "config": {"name": "model_10", "layers": [{"name": "input_19", "class_name": "InputLayer", "config": {"batch_input_shape": [null, 2], "dtype": "float32", "sparse": false, "name": "input_19"}, "inbound_nodes": []}, {"name": "input_20", "class_name": "InputLayer", "config": {"batch_input_shape": [null, 2], "dtype": "float32", "sparse": false, "name": "input_20"}, "inbound_nodes": []}, {"name": "concatenate_10", "class_name": "Concatenate", "config": {"name": "concatenate_10", "trainable": true, "dtype": "float32", "axis": -1}, "inbound_nodes": [[["input_19", 0, 0, {}], ["input_20", 0, 0, {}]]]}, {"name": "dense_28", "class_name": "Dense", "config": {"name": "dense_28", "trainable": true, "dtype": "float32", "units": 200, "activation": "relu", "use_bias": true, "kernel_initializer": {"class_name": "VarianceScaling", "config": {"scale": 1.0, "mode": "fan_avg", "distribution": "uniform", "seed": null}}, "bias_initializer": {"class_name": "Zeros", "config": {}}, "kernel_regularizer": null, "bias_regularizer": null, "activity_regularizer": null, "kernel_constraint": null, "bias_constraint": null}, "inbound_nodes": [[["concatenate_10", 0, 0, {}]]]}, {"name": "dense_29", "class_name": "Dense", "config": {"name": "dense_29", "trainable": true, "dtype": "float32", "units": 100, "activation": "relu", "use_bias": true, "kernel_initializer": {"class_name": "VarianceScaling", "config": {"scale": 1.0, "mode": "fan_avg", "distribution": "uniform", "seed": null}}, "bias_initializer": {"class_name": "Zeros", "config": {}}, "kernel_regularizer": null, "bias_regularizer": null, "activity_regularizer": null, "kernel_constraint": null, "bias_constraint": null}, "inbound_nodes": [[["dense_28", 0, 0, {}]]]}, {"name": "dense_30", "class_name": "Dense", "config": {"name": "dense_30", "trainable": true, "dtype": "float32", "units": 1, "activation": "sigmoid", "use_bias": true, "kernel_initializer": {"class_name": "VarianceScaling", "config": {"scale": 1.0, "mode": "fan_avg", "distribution": "uniform", "seed": null}}, "bias_initializer": {"class_name": "Zeros", "config": {}}, "kernel_regularizer": null, "bias_regularizer": null, "activity_regularizer": null, "kernel_constraint": null, "bias_constraint": null}, "inbound_nodes": [[["dense_29", 0, 0, {}]]]}], "input_layers": [["input_19", 0, 0], ["input_20", 0, 0]], "output_layers": [["dense_30", 0, 0]]}, "keras_version": "2.3.1", "backend": "tensorflow"}