{"class_name": "Model", "config": {"name": "model_14", "layers": [{"name": "input_27", "class_name": "InputLayer", "config": {"batch_input_shape": [null, 10], "dtype": "float32", "sparse": false, "name": "input_27"}, "inbound_nodes": []}, {"name": "input_28", "class_name": "InputLayer", "config": {"batch_input_shape": [null, 10], "dtype": "float32", "sparse": false, "name": "input_28"}, "inbound_nodes": []}, {"name": "concatenate_14", "class_name": "Concatenate", "config": {"name": "concatenate_14", "trainable": true, "dtype": "float32", "axis": -1}, "inbound_nodes": [[["input_27", 0, 0, {}], ["input_28", 0, 0, {}]]]}, {"name": "dense_40", "class_name": "Dense", "config": {"name": "dense_40", "trainable": true, "dtype": "float32", "units": 200, "activation": "relu", "use_bias": true, "kernel_initializer": {"class_name": "VarianceScaling", "config": {"scale": 1.0, "mode": "fan_avg", "distribution": "uniform", "seed": null}}, "bias_initializer": {"class_name": "Zeros", "config": {}}, "kernel_regularizer": null, "bias_regularizer": null, "activity_regularizer": null, "kernel_constraint": null, "bias_constraint": null}, "inbound_nodes": [[["concatenate_14", 0, 0, {}]]]}, {"name": "dense_41", "class_name": "Dense", "config": {"name": "dense_41", "trainable": true, "dtype": "float32", "units": 100, "activation": "relu", "use_bias": true, "kernel_initializer": {"class_name": "VarianceScaling", "config": {"scale": 1.0, "mode": "fan_avg", "distribution": "uniform", "seed": null}}, "bias_initializer": {"class_name": "Zeros", "config": {}}, "kernel_regularizer": null, "bias_regularizer": null, "activity_regularizer": null, "kernel_constraint": null, "bias_constraint": null}, "inbound_nodes": [[["dense_40", 0, 0, {}]]]}, {"name": "dense_42", "class_name": "Dense", "config": {"name": "dense_42", "trainable": true, "dtype": "float32", "units": 1, "activation": "sigmoid", "use_bias": true, "kernel_initializer": {"class_name": "VarianceScaling", "config": {"scale": 1.0, "mode": "fan_avg", "distribution": "uniform", "seed": null}}, "bias_initializer": {"class_name": "Zeros", "config": {}}, "kernel_regularizer": null, "bias_regularizer": null, "activity_regularizer": null, "kernel_constraint": null, "bias_constraint": null}, "inbound_nodes": [[["dense_41", 0, 0, {}]]]}], "input_layers": [["input_27", 0, 0], ["input_28", 0, 0]], "output_layers": [["dense_42", 0, 0]]}, "keras_version": "2.3.1", "backend": "tensorflow"}