{"class_name": "Model", "config": {"name": "model_23", "layers": [{"name": "input_45", "class_name": "InputLayer", "config": {"batch_input_shape": [null, 10], "dtype": "float32", "sparse": false, "name": "input_45"}, "inbound_nodes": []}, {"name": "input_46", "class_name": "InputLayer", "config": {"batch_input_shape": [null, 10], "dtype": "float32", "sparse": false, "name": "input_46"}, "inbound_nodes": []}, {"name": "concatenate_23", "class_name": "Concatenate", "config": {"name": "concatenate_23", "trainable": true, "dtype": "float32", "axis": -1}, "inbound_nodes": [[["input_45", 0, 0, {}], ["input_46", 0, 0, {}]]]}, {"name": "dense_67", "class_name": "Dense", "config": {"name": "dense_67", "trainable": true, "dtype": "float32", "units": 200, "activation": "relu", "use_bias": true, "kernel_initializer": {"class_name": "VarianceScaling", "config": {"scale": 1.0, "mode": "fan_avg", "distribution": "uniform", "seed": null}}, "bias_initializer": {"class_name": "Zeros", "config": {}}, "kernel_regularizer": null, "bias_regularizer": null, "activity_regularizer": null, "kernel_constraint": null, "bias_constraint": null}, "inbound_nodes": [[["concatenate_23", 0, 0, {}]]]}, {"name": "dense_68", "class_name": "Dense", "config": {"name": "dense_68", "trainable": true, "dtype": "float32", "units": 100, "activation": "relu", "use_bias": true, "kernel_initializer": {"class_name": "VarianceScaling", "config": {"scale": 1.0, "mode": "fan_avg", "distribution": "uniform", "seed": null}}, "bias_initializer": {"class_name": "Zeros", "config": {}}, "kernel_regularizer": null, "bias_regularizer": null, "activity_regularizer": null, "kernel_constraint": null, "bias_constraint": null}, "inbound_nodes": [[["dense_67", 0, 0, {}]]]}, {"name": "dense_69", "class_name": "Dense", "config": {"name": "dense_69", "trainable": true, "dtype": "float32", "units": 1, "activation": "sigmoid", "use_bias": true, "kernel_initializer": {"class_name": "VarianceScaling", "config": {"scale": 1.0, "mode": "fan_avg", "distribution": "uniform", "seed": null}}, "bias_initializer": {"class_name": "Zeros", "config": {}}, "kernel_regularizer": null, "bias_regularizer": null, "activity_regularizer": null, "kernel_constraint": null, "bias_constraint": null}, "inbound_nodes": [[["dense_68", 0, 0, {}]]]}], "input_layers": [["input_45", 0, 0], ["input_46", 0, 0]], "output_layers": [["dense_69", 0, 0]]}, "keras_version": "2.3.1", "backend": "tensorflow"}