{"class_name": "Model", "config": {"name": "model_33", "layers": [{"name": "input_65", "class_name": "InputLayer", "config": {"batch_input_shape": [null, 16], "dtype": "float32", "sparse": false, "name": "input_65"}, "inbound_nodes": []}, {"name": "input_66", "class_name": "InputLayer", "config": {"batch_input_shape": [null, 16], "dtype": "float32", "sparse": false, "name": "input_66"}, "inbound_nodes": []}, {"name": "concatenate_33", "class_name": "Concatenate", "config": {"name": "concatenate_33", "trainable": true, "dtype": "float32", "axis": -1}, "inbound_nodes": [[["input_65", 0, 0, {}], ["input_66", 0, 0, {}]]]}, {"name": "dense_97", "class_name": "Dense", "config": {"name": "dense_97", "trainable": true, "dtype": "float32", "units": 200, "activation": "relu", "use_bias": true, "kernel_initializer": {"class_name": "VarianceScaling", "config": {"scale": 1.0, "mode": "fan_avg", "distribution": "uniform", "seed": null}}, "bias_initializer": {"class_name": "Zeros", "config": {}}, "kernel_regularizer": null, "bias_regularizer": null, "activity_regularizer": null, "kernel_constraint": null, "bias_constraint": null}, "inbound_nodes": [[["concatenate_33", 0, 0, {}]]]}, {"name": "dense_98", "class_name": "Dense", "config": {"name": "dense_98", "trainable": true, "dtype": "float32", "units": 100, "activation": "relu", "use_bias": true, "kernel_initializer": {"class_name": "VarianceScaling", "config": {"scale": 1.0, "mode": "fan_avg", "distribution": "uniform", "seed": null}}, "bias_initializer": {"class_name": "Zeros", "config": {}}, "kernel_regularizer": null, "bias_regularizer": null, "activity_regularizer": null, "kernel_constraint": null, "bias_constraint": null}, "inbound_nodes": [[["dense_97", 0, 0, {}]]]}, {"name": "dense_99", "class_name": "Dense", "config": {"name": "dense_99", "trainable": true, "dtype": "float32", "units": 1, "activation": "sigmoid", "use_bias": true, "kernel_initializer": {"class_name": "VarianceScaling", "config": {"scale": 1.0, "mode": "fan_avg", "distribution": "uniform", "seed": null}}, "bias_initializer": {"class_name": "Zeros", "config": {}}, "kernel_regularizer": null, "bias_regularizer": null, "activity_regularizer": null, "kernel_constraint": null, "bias_constraint": null}, "inbound_nodes": [[["dense_98", 0, 0, {}]]]}], "input_layers": [["input_65", 0, 0], ["input_66", 0, 0]], "output_layers": [["dense_99", 0, 0]]}, "keras_version": "2.3.1", "backend": "tensorflow"}