{"class_name": "Model", "config": {"name": "model_36", "layers": [{"name": "input_71", "class_name": "InputLayer", "config": {"batch_input_shape": [null, 100], "dtype": "float32", "sparse": false, "name": "input_71"}, "inbound_nodes": []}, {"name": "input_72", "class_name": "InputLayer", "config": {"batch_input_shape": [null, 100], "dtype": "float32", "sparse": false, "name": "input_72"}, "inbound_nodes": []}, {"name": "concatenate_36", "class_name": "Concatenate", "config": {"name": "concatenate_36", "trainable": true, "dtype": "float32", "axis": -1}, "inbound_nodes": [[["input_71", 0, 0, {}], ["input_72", 0, 0, {}]]]}, {"name": "dense_106", "class_name": "Dense", "config": {"name": "dense_106", "trainable": true, "dtype": "float32", "units": 200, "activation": "relu", "use_bias": true, "kernel_initializer": {"class_name": "VarianceScaling", "config": {"scale": 1.0, "mode": "fan_avg", "distribution": "uniform", "seed": null}}, "bias_initializer": {"class_name": "Zeros", "config": {}}, "kernel_regularizer": null, "bias_regularizer": null, "activity_regularizer": null, "kernel_constraint": null, "bias_constraint": null}, "inbound_nodes": [[["concatenate_36", 0, 0, {}]]]}, {"name": "dense_107", "class_name": "Dense", "config": {"name": "dense_107", "trainable": true, "dtype": "float32", "units": 100, "activation": "relu", "use_bias": true, "kernel_initializer": {"class_name": "VarianceScaling", "config": {"scale": 1.0, "mode": "fan_avg", "distribution": "uniform", "seed": null}}, "bias_initializer": {"class_name": "Zeros", "config": {}}, "kernel_regularizer": null, "bias_regularizer": null, "activity_regularizer": null, "kernel_constraint": null, "bias_constraint": null}, "inbound_nodes": [[["dense_106", 0, 0, {}]]]}, {"name": "dense_108", "class_name": "Dense", "config": {"name": "dense_108", "trainable": true, "dtype": "float32", "units": 1, "activation": "sigmoid", "use_bias": true, "kernel_initializer": {"class_name": "VarianceScaling", "config": {"scale": 1.0, "mode": "fan_avg", "distribution": "uniform", "seed": null}}, "bias_initializer": {"class_name": "Zeros", "config": {}}, "kernel_regularizer": null, "bias_regularizer": null, "activity_regularizer": null, "kernel_constraint": null, "bias_constraint": null}, "inbound_nodes": [[["dense_107", 0, 0, {}]]]}], "input_layers": [["input_71", 0, 0], ["input_72", 0, 0]], "output_layers": [["dense_108", 0, 0]]}, "keras_version": "2.3.1", "backend": "tensorflow"}