{"class_name": "Model", "config": {"name": "model_35", "layers": [{"name": "input_69", "class_name": "InputLayer", "config": {"batch_input_shape": [null, 64], "dtype": "float32", "sparse": false, "name": "input_69"}, "inbound_nodes": []}, {"name": "input_70", "class_name": "InputLayer", "config": {"batch_input_shape": [null, 64], "dtype": "float32", "sparse": false, "name": "input_70"}, "inbound_nodes": []}, {"name": "concatenate_35", "class_name": "Concatenate", "config": {"name": "concatenate_35", "trainable": true, "dtype": "float32", "axis": -1}, "inbound_nodes": [[["input_69", 0, 0, {}], ["input_70", 0, 0, {}]]]}, {"name": "dense_103", "class_name": "Dense", "config": {"name": "dense_103", "trainable": true, "dtype": "float32", "units": 200, "activation": "relu", "use_bias": true, "kernel_initializer": {"class_name": "VarianceScaling", "config": {"scale": 1.0, "mode": "fan_avg", "distribution": "uniform", "seed": null}}, "bias_initializer": {"class_name": "Zeros", "config": {}}, "kernel_regularizer": null, "bias_regularizer": null, "activity_regularizer": null, "kernel_constraint": null, "bias_constraint": null}, "inbound_nodes": [[["concatenate_35", 0, 0, {}]]]}, {"name": "dense_104", "class_name": "Dense", "config": {"name": "dense_104", "trainable": true, "dtype": "float32", "units": 100, "activation": "relu", "use_bias": true, "kernel_initializer": {"class_name": "VarianceScaling", "config": {"scale": 1.0, "mode": "fan_avg", "distribution": "uniform", "seed": null}}, "bias_initializer": {"class_name": "Zeros", "config": {}}, "kernel_regularizer": null, "bias_regularizer": null, "activity_regularizer": null, "kernel_constraint": null, "bias_constraint": null}, "inbound_nodes": [[["dense_103", 0, 0, {}]]]}, {"name": "dense_105", "class_name": "Dense", "config": {"name": "dense_105", "trainable": true, "dtype": "float32", "units": 1, "activation": "sigmoid", "use_bias": true, "kernel_initializer": {"class_name": "VarianceScaling", "config": {"scale": 1.0, "mode": "fan_avg", "distribution": "uniform", "seed": null}}, "bias_initializer": {"class_name": "Zeros", "config": {}}, "kernel_regularizer": null, "bias_regularizer": null, "activity_regularizer": null, "kernel_constraint": null, "bias_constraint": null}, "inbound_nodes": [[["dense_104", 0, 0, {}]]]}], "input_layers": [["input_69", 0, 0], ["input_70", 0, 0]], "output_layers": [["dense_105", 0, 0]]}, "keras_version": "2.3.1", "backend": "tensorflow"}