{"class_name": "Model", "config": {"name": "model_34", "layers": [{"name": "input_67", "class_name": "InputLayer", "config": {"batch_input_shape": [null, 36], "dtype": "float32", "sparse": false, "name": "input_67"}, "inbound_nodes": []}, {"name": "input_68", "class_name": "InputLayer", "config": {"batch_input_shape": [null, 36], "dtype": "float32", "sparse": false, "name": "input_68"}, "inbound_nodes": []}, {"name": "concatenate_34", "class_name": "Concatenate", "config": {"name": "concatenate_34", "trainable": true, "dtype": "float32", "axis": -1}, "inbound_nodes": [[["input_67", 0, 0, {}], ["input_68", 0, 0, {}]]]}, {"name": "dense_100", "class_name": "Dense", "config": {"name": "dense_100", "trainable": true, "dtype": "float32", "units": 200, "activation": "relu", "use_bias": true, "kernel_initializer": {"class_name": "VarianceScaling", "config": {"scale": 1.0, "mode": "fan_avg", "distribution": "uniform", "seed": null}}, "bias_initializer": {"class_name": "Zeros", "config": {}}, "kernel_regularizer": null, "bias_regularizer": null, "activity_regularizer": null, "kernel_constraint": null, "bias_constraint": null}, "inbound_nodes": [[["concatenate_34", 0, 0, {}]]]}, {"name": "dense_101", "class_name": "Dense", "config": {"name": "dense_101", "trainable": true, "dtype": "float32", "units": 100, "activation": "relu", "use_bias": true, "kernel_initializer": {"class_name": "VarianceScaling", "config": {"scale": 1.0, "mode": "fan_avg", "distribution": "uniform", "seed": null}}, "bias_initializer": {"class_name": "Zeros", "config": {}}, "kernel_regularizer": null, "bias_regularizer": null, "activity_regularizer": null, "kernel_constraint": null, "bias_constraint": null}, "inbound_nodes": [[["dense_100", 0, 0, {}]]]}, {"name": "dense_102", "class_name": "Dense", "config": {"name": "dense_102", "trainable": true, "dtype": "float32", "units": 1, "activation": "sigmoid", "use_bias": true, "kernel_initializer": {"class_name": "VarianceScaling", "config": {"scale": 1.0, "mode": "fan_avg", "distribution": "uniform", "seed": null}}, "bias_initializer": {"class_name": "Zeros", "config": {}}, "kernel_regularizer": null, "bias_regularizer": null, "activity_regularizer": null, "kernel_constraint": null, "bias_constraint": null}, "inbound_nodes": [[["dense_101", 0, 0, {}]]]}], "input_layers": [["input_67", 0, 0], ["input_68", 0, 0]], "output_layers": [["dense_102", 0, 0]]}, "keras_version": "2.3.1", "backend": "tensorflow"}