{"class_name": "Model", "config": {"name": "model_29", "layers": [{"name": "input_57", "class_name": "InputLayer", "config": {"batch_input_shape": [null, 4], "dtype": "float32", "sparse": false, "name": "input_57"}, "inbound_nodes": []}, {"name": "input_58", "class_name": "InputLayer", "config": {"batch_input_shape": [null, 4], "dtype": "float32", "sparse": false, "name": "input_58"}, "inbound_nodes": []}, {"name": "concatenate_29", "class_name": "Concatenate", "config": {"name": "concatenate_29", "trainable": true, "dtype": "float32", "axis": -1}, "inbound_nodes": [[["input_57", 0, 0, {}], ["input_58", 0, 0, {}]]]}, {"name": "dense_85", "class_name": "Dense", "config": {"name": "dense_85", "trainable": true, "dtype": "float32", "units": 200, "activation": "relu", "use_bias": true, "kernel_initializer": {"class_name": "VarianceScaling", "config": {"scale": 1.0, "mode": "fan_avg", "distribution": "uniform", "seed": null}}, "bias_initializer": {"class_name": "Zeros", "config": {}}, "kernel_regularizer": null, "bias_regularizer": null, "activity_regularizer": null, "kernel_constraint": null, "bias_constraint": null}, "inbound_nodes": [[["concatenate_29", 0, 0, {}]]]}, {"name": "dense_86", "class_name": "Dense", "config": {"name": "dense_86", "trainable": true, "dtype": "float32", "units": 100, "activation": "relu", "use_bias": true, "kernel_initializer": {"class_name": "VarianceScaling", "config": {"scale": 1.0, "mode": "fan_avg", "distribution": "uniform", "seed": null}}, "bias_initializer": {"class_name": "Zeros", "config": {}}, "kernel_regularizer": null, "bias_regularizer": null, "activity_regularizer": null, "kernel_constraint": null, "bias_constraint": null}, "inbound_nodes": [[["dense_85", 0, 0, {}]]]}, {"name": "dense_87", "class_name": "Dense", "config": {"name": "dense_87", "trainable": true, "dtype": "float32", "units": 1, "activation": "sigmoid", "use_bias": true, "kernel_initializer": {"class_name": "VarianceScaling", "config": {"scale": 1.0, "mode": "fan_avg", "distribution": "uniform", "seed": null}}, "bias_initializer": {"class_name": "Zeros", "config": {}}, "kernel_regularizer": null, "bias_regularizer": null, "activity_regularizer": null, "kernel_constraint": null, "bias_constraint": null}, "inbound_nodes": [[["dense_86", 0, 0, {}]]]}], "input_layers": [["input_57", 0, 0], ["input_58", 0, 0]], "output_layers": [["dense_87", 0, 0]]}, "keras_version": "2.3.1", "backend": "tensorflow"}