{"class_name": "Model", "config": {"name": "model_19", "layers": [{"name": "input_37", "class_name": "InputLayer", "config": {"batch_input_shape": [null, 2], "dtype": "float32", "sparse": false, "name": "input_37"}, "inbound_nodes": []}, {"name": "input_38", "class_name": "InputLayer", "config": {"batch_input_shape": [null, 2], "dtype": "float32", "sparse": false, "name": "input_38"}, "inbound_nodes": []}, {"name": "concatenate_19", "class_name": "Concatenate", "config": {"name": "concatenate_19", "trainable": true, "dtype": "float32", "axis": -1}, "inbound_nodes": [[["input_37", 0, 0, {}], ["input_38", 0, 0, {}]]]}, {"name": "dense_55", "class_name": "Dense", "config": {"name": "dense_55", "trainable": true, "dtype": "float32", "units": 200, "activation": "relu", "use_bias": true, "kernel_initializer": {"class_name": "VarianceScaling", "config": {"scale": 1.0, "mode": "fan_avg", "distribution": "uniform", "seed": null}}, "bias_initializer": {"class_name": "Zeros", "config": {}}, "kernel_regularizer": null, "bias_regularizer": null, "activity_regularizer": null, "kernel_constraint": null, "bias_constraint": null}, "inbound_nodes": [[["concatenate_19", 0, 0, {}]]]}, {"name": "dense_56", "class_name": "Dense", "config": {"name": "dense_56", "trainable": true, "dtype": "float32", "units": 100, "activation": "relu", "use_bias": true, "kernel_initializer": {"class_name": "VarianceScaling", "config": {"scale": 1.0, "mode": "fan_avg", "distribution": "uniform", "seed": null}}, "bias_initializer": {"class_name": "Zeros", "config": {}}, "kernel_regularizer": null, "bias_regularizer": null, "activity_regularizer": null, "kernel_constraint": null, "bias_constraint": null}, "inbound_nodes": [[["dense_55", 0, 0, {}]]]}, {"name": "dense_57", "class_name": "Dense", "config": {"name": "dense_57", "trainable": true, "dtype": "float32", "units": 1, "activation": "sigmoid", "use_bias": true, "kernel_initializer": {"class_name": "VarianceScaling", "config": {"scale": 1.0, "mode": "fan_avg", "distribution": "uniform", "seed": null}}, "bias_initializer": {"class_name": "Zeros", "config": {}}, "kernel_regularizer": null, "bias_regularizer": null, "activity_regularizer": null, "kernel_constraint": null, "bias_constraint": null}, "inbound_nodes": [[["dense_56", 0, 0, {}]]]}], "input_layers": [["input_37", 0, 0], ["input_38", 0, 0]], "output_layers": [["dense_57", 0, 0]]}, "keras_version": "2.3.1", "backend": "tensorflow"}