{"class_name": "Model", "config": {"name": "model_6", "layers": [{"name": "input_11", "class_name": "InputLayer", "config": {"batch_input_shape": [null, 16], "dtype": "float32", "sparse": false, "name": "input_11"}, "inbound_nodes": []}, {"name": "input_12", "class_name": "InputLayer", "config": {"batch_input_shape": [null, 16], "dtype": "float32", "sparse": false, "name": "input_12"}, "inbound_nodes": []}, {"name": "concatenate_6", "class_name": "Concatenate", "config": {"name": "concatenate_6", "trainable": true, "dtype": "float32", "axis": -1}, "inbound_nodes": [[["input_11", 0, 0, {}], ["input_12", 0, 0, {}]]]}, {"name": "dense_16", "class_name": "Dense", "config": {"name": "dense_16", "trainable": true, "dtype": "float32", "units": 200, "activation": "relu", "use_bias": true, "kernel_initializer": {"class_name": "VarianceScaling", "config": {"scale": 1.0, "mode": "fan_avg", "distribution": "uniform", "seed": null}}, "bias_initializer": {"class_name": "Zeros", "config": {}}, "kernel_regularizer": null, "bias_regularizer": null, "activity_regularizer": null, "kernel_constraint": null, "bias_constraint": null}, "inbound_nodes": [[["concatenate_6", 0, 0, {}]]]}, {"name": "dense_17", "class_name": "Dense", "config": {"name": "dense_17", "trainable": true, "dtype": "float32", "units": 100, "activation": "relu", "use_bias": true, "kernel_initializer": {"class_name": "VarianceScaling", "config": {"scale": 1.0, "mode": "fan_avg", "distribution": "uniform", "seed": null}}, "bias_initializer": {"class_name": "Zeros", "config": {}}, "kernel_regularizer": null, "bias_regularizer": null, "activity_regularizer": null, "kernel_constraint": null, "bias_constraint": null}, "inbound_nodes": [[["dense_16", 0, 0, {}]]]}, {"name": "dense_18", "class_name": "Dense", "config": {"name": "dense_18", "trainable": true, "dtype": "float32", "units": 1, "activation": "sigmoid", "use_bias": true, "kernel_initializer": {"class_name": "VarianceScaling", "config": {"scale": 1.0, "mode": "fan_avg", "distribution": "uniform", "seed": null}}, "bias_initializer": {"class_name": "Zeros", "config": {}}, "kernel_regularizer": null, "bias_regularizer": null, "activity_regularizer": null, "kernel_constraint": null, "bias_constraint": null}, "inbound_nodes": [[["dense_17", 0, 0, {}]]]}], "input_layers": [["input_11", 0, 0], ["input_12", 0, 0]], "output_layers": [["dense_18", 0, 0]]}, "keras_version": "2.3.1", "backend": "tensorflow"}