{"class_name": "Model", "config": {"name": "model_27", "layers": [{"name": "input_53", "class_name": "InputLayer", "config": {"batch_input_shape": [null, 100], "dtype": "float32", "sparse": false, "name": "input_53"}, "inbound_nodes": []}, {"name": "input_54", "class_name": "InputLayer", "config": {"batch_input_shape": [null, 100], "dtype": "float32", "sparse": false, "name": "input_54"}, "inbound_nodes": []}, {"name": "concatenate_27", "class_name": "Concatenate", "config": {"name": "concatenate_27", "trainable": true, "dtype": "float32", "axis": -1}, "inbound_nodes": [[["input_53", 0, 0, {}], ["input_54", 0, 0, {}]]]}, {"name": "dense_79", "class_name": "Dense", "config": {"name": "dense_79", "trainable": true, "dtype": "float32", "units": 200, "activation": "relu", "use_bias": true, "kernel_initializer": {"class_name": "VarianceScaling", "config": {"scale": 1.0, "mode": "fan_avg", "distribution": "uniform", "seed": null}}, "bias_initializer": {"class_name": "Zeros", "config": {}}, "kernel_regularizer": null, "bias_regularizer": null, "activity_regularizer": null, "kernel_constraint": null, "bias_constraint": null}, "inbound_nodes": [[["concatenate_27", 0, 0, {}]]]}, {"name": "dense_80", "class_name": "Dense", "config": {"name": "dense_80", "trainable": true, "dtype": "float32", "units": 100, "activation": "relu", "use_bias": true, "kernel_initializer": {"class_name": "VarianceScaling", "config": {"scale": 1.0, "mode": "fan_avg", "distribution": "uniform", "seed": null}}, "bias_initializer": {"class_name": "Zeros", "config": {}}, "kernel_regularizer": null, "bias_regularizer": null, "activity_regularizer": null, "kernel_constraint": null, "bias_constraint": null}, "inbound_nodes": [[["dense_79", 0, 0, {}]]]}, {"name": "dense_81", "class_name": "Dense", "config": {"name": "dense_81", "trainable": true, "dtype": "float32", "units": 1, "activation": "sigmoid", "use_bias": true, "kernel_initializer": {"class_name": "VarianceScaling", "config": {"scale": 1.0, "mode": "fan_avg", "distribution": "uniform", "seed": null}}, "bias_initializer": {"class_name": "Zeros", "config": {}}, "kernel_regularizer": null, "bias_regularizer": null, "activity_regularizer": null, "kernel_constraint": null, "bias_constraint": null}, "inbound_nodes": [[["dense_80", 0, 0, {}]]]}], "input_layers": [["input_53", 0, 0], ["input_54", 0, 0]], "output_layers": [["dense_81", 0, 0]]}, "keras_version": "2.3.1", "backend": "tensorflow"}