{"class_name": "Model", "config": {"name": "model_31", "layers": [{"name": "input_61", "class_name": "InputLayer", "config": {"batch_input_shape": [null, 8], "dtype": "float32", "sparse": false, "name": "input_61"}, "inbound_nodes": []}, {"name": "input_62", "class_name": "InputLayer", "config": {"batch_input_shape": [null, 8], "dtype": "float32", "sparse": false, "name": "input_62"}, "inbound_nodes": []}, {"name": "concatenate_31", "class_name": "Concatenate", "config": {"name": "concatenate_31", "trainable": true, "dtype": "float32", "axis": -1}, "inbound_nodes": [[["input_61", 0, 0, {}], ["input_62", 0, 0, {}]]]}, {"name": "dense_91", "class_name": "Dense", "config": {"name": "dense_91", "trainable": true, "dtype": "float32", "units": 200, "activation": "relu", "use_bias": true, "kernel_initializer": {"class_name": "VarianceScaling", "config": {"scale": 1.0, "mode": "fan_avg", "distribution": "uniform", "seed": null}}, "bias_initializer": {"class_name": "Zeros", "config": {}}, "kernel_regularizer": null, "bias_regularizer": null, "activity_regularizer": null, "kernel_constraint": null, "bias_constraint": null}, "inbound_nodes": [[["concatenate_31", 0, 0, {}]]]}, {"name": "dense_92", "class_name": "Dense", "config": {"name": "dense_92", "trainable": true, "dtype": "float32", "units": 100, "activation": "relu", "use_bias": true, "kernel_initializer": {"class_name": "VarianceScaling", "config": {"scale": 1.0, "mode": "fan_avg", "distribution": "uniform", "seed": null}}, "bias_initializer": {"class_name": "Zeros", "config": {}}, "kernel_regularizer": null, "bias_regularizer": null, "activity_regularizer": null, "kernel_constraint": null, "bias_constraint": null}, "inbound_nodes": [[["dense_91", 0, 0, {}]]]}, {"name": "dense_93", "class_name": "Dense", "config": {"name": "dense_93", "trainable": true, "dtype": "float32", "units": 1, "activation": "sigmoid", "use_bias": true, "kernel_initializer": {"class_name": "VarianceScaling", "config": {"scale": 1.0, "mode": "fan_avg", "distribution": "uniform", "seed": null}}, "bias_initializer": {"class_name": "Zeros", "config": {}}, "kernel_regularizer": null, "bias_regularizer": null, "activity_regularizer": null, "kernel_constraint": null, "bias_constraint": null}, "inbound_nodes": [[["dense_92", 0, 0, {}]]]}], "input_layers": [["input_61", 0, 0], ["input_62", 0, 0]], "output_layers": [["dense_93", 0, 0]]}, "keras_version": "2.3.1", "backend": "tensorflow"}