{"class_name": "Model", "config": {"name": "model_17", "layers": [{"name": "input_33", "class_name": "InputLayer", "config": {"batch_input_shape": [null, 64], "dtype": "float32", "sparse": false, "name": "input_33"}, "inbound_nodes": []}, {"name": "input_34", "class_name": "InputLayer", "config": {"batch_input_shape": [null, 64], "dtype": "float32", "sparse": false, "name": "input_34"}, "inbound_nodes": []}, {"name": "concatenate_17", "class_name": "Concatenate", "config": {"name": "concatenate_17", "trainable": true, "dtype": "float32", "axis": -1}, "inbound_nodes": [[["input_33", 0, 0, {}], ["input_34", 0, 0, {}]]]}, {"name": "dense_49", "class_name": "Dense", "config": {"name": "dense_49", "trainable": true, "dtype": "float32", "units": 200, "activation": "relu", "use_bias": true, "kernel_initializer": {"class_name": "VarianceScaling", "config": {"scale": 1.0, "mode": "fan_avg", "distribution": "uniform", "seed": null}}, "bias_initializer": {"class_name": "Zeros", "config": {}}, "kernel_regularizer": null, "bias_regularizer": null, "activity_regularizer": null, "kernel_constraint": null, "bias_constraint": null}, "inbound_nodes": [[["concatenate_17", 0, 0, {}]]]}, {"name": "dense_50", "class_name": "Dense", "config": {"name": "dense_50", "trainable": true, "dtype": "float32", "units": 100, "activation": "relu", "use_bias": true, "kernel_initializer": {"class_name": "VarianceScaling", "config": {"scale": 1.0, "mode": "fan_avg", "distribution": "uniform", "seed": null}}, "bias_initializer": {"class_name": "Zeros", "config": {}}, "kernel_regularizer": null, "bias_regularizer": null, "activity_regularizer": null, "kernel_constraint": null, "bias_constraint": null}, "inbound_nodes": [[["dense_49", 0, 0, {}]]]}, {"name": "dense_51", "class_name": "Dense", "config": {"name": "dense_51", "trainable": true, "dtype": "float32", "units": 1, "activation": "sigmoid", "use_bias": true, "kernel_initializer": {"class_name": "VarianceScaling", "config": {"scale": 1.0, "mode": "fan_avg", "distribution": "uniform", "seed": null}}, "bias_initializer": {"class_name": "Zeros", "config": {}}, "kernel_regularizer": null, "bias_regularizer": null, "activity_regularizer": null, "kernel_constraint": null, "bias_constraint": null}, "inbound_nodes": [[["dense_50", 0, 0, {}]]]}], "input_layers": [["input_33", 0, 0], ["input_34", 0, 0]], "output_layers": [["dense_51", 0, 0]]}, "keras_version": "2.3.1", "backend": "tensorflow"}