{"class_name": "Model", "config": {"name": "model_13", "layers": [{"name": "input_25", "class_name": "InputLayer", "config": {"batch_input_shape": [null, 8], "dtype": "float32", "sparse": false, "name": "input_25"}, "inbound_nodes": []}, {"name": "input_26", "class_name": "InputLayer", "config": {"batch_input_shape": [null, 8], "dtype": "float32", "sparse": false, "name": "input_26"}, "inbound_nodes": []}, {"name": "concatenate_13", "class_name": "Concatenate", "config": {"name": "concatenate_13", "trainable": true, "dtype": "float32", "axis": -1}, "inbound_nodes": [[["input_25", 0, 0, {}], ["input_26", 0, 0, {}]]]}, {"name": "dense_37", "class_name": "Dense", "config": {"name": "dense_37", "trainable": true, "dtype": "float32", "units": 200, "activation": "relu", "use_bias": true, "kernel_initializer": {"class_name": "VarianceScaling", "config": {"scale": 1.0, "mode": "fan_avg", "distribution": "uniform", "seed": null}}, "bias_initializer": {"class_name": "Zeros", "config": {}}, "kernel_regularizer": null, "bias_regularizer": null, "activity_regularizer": null, "kernel_constraint": null, "bias_constraint": null}, "inbound_nodes": [[["concatenate_13", 0, 0, {}]]]}, {"name": "dense_38", "class_name": "Dense", "config": {"name": "dense_38", "trainable": true, "dtype": "float32", "units": 100, "activation": "relu", "use_bias": true, "kernel_initializer": {"class_name": "VarianceScaling", "config": {"scale": 1.0, "mode": "fan_avg", "distribution": "uniform", "seed": null}}, "bias_initializer": {"class_name": "Zeros", "config": {}}, "kernel_regularizer": null, "bias_regularizer": null, "activity_regularizer": null, "kernel_constraint": null, "bias_constraint": null}, "inbound_nodes": [[["dense_37", 0, 0, {}]]]}, {"name": "dense_39", "class_name": "Dense", "config": {"name": "dense_39", "trainable": true, "dtype": "float32", "units": 1, "activation": "sigmoid", "use_bias": true, "kernel_initializer": {"class_name": "VarianceScaling", "config": {"scale": 1.0, "mode": "fan_avg", "distribution": "uniform", "seed": null}}, "bias_initializer": {"class_name": "Zeros", "config": {}}, "kernel_regularizer": null, "bias_regularizer": null, "activity_regularizer": null, "kernel_constraint": null, "bias_constraint": null}, "inbound_nodes": [[["dense_38", 0, 0, {}]]]}], "input_layers": [["input_25", 0, 0], ["input_26", 0, 0]], "output_layers": [["dense_39", 0, 0]]}, "keras_version": "2.3.1", "backend": "tensorflow"}